precision,recall,f1-score,support
0.95,1.0,0.9743589743589743,950.0
0.0,0.0,0.0,50.0
0.95,0.95,0.95,0.95
0.475,0.5,0.48717948717948717,1000.0
0.9025,0.95,0.9256410256410257,1000.0
